<?xml version="1.0"?>
<DummyUsers xmlns:xsi="http://www.w3.org/2001/XMLSchema-instance" xmlns:xsd="http://www.w3.org/2001/XMLSchema">
	<FBUsers>
		<SingleDummyUser><Name>Amir Anckonina</Name><Hometown>Givatayim</Hometown><Education>Jaffa College</Education><ProfilePictureURL>https://scontent.ftlv19-1.fna.fbcdn.net/v/t39.30808-6/278259031_10217472948335929_6944866859029329988_n.jpg?_nc_cat=102&amp;ccb=1-7&amp;_nc_sid=09cbfe&amp;_nc_ohc=ZAyYx_OTH_oAX9W-O7s&amp;tn=nxpwZqIw4rlQvPQw&amp;_nc_ht=scontent.ftlv19-1.fna&amp;oh=00_AfCljiyUKYs49SoAAm-koF7V3lIREhPShV2Bx1y5yaBVhw&amp;oe=63873135</ProfilePictureURL></SingleDummyUser>
		<SingleDummyUser><Name>Idan Zimilis</Name><Hometown>Jaffa</Hometown><Education>Jaffa College</Education><ProfilePictureURL>https://scontent.ftlv19-1.fna.fbcdn.net/v/t39.30808-6/245628574_6703347393016523_4021478128689167373_n.jpg?_nc_cat=109&amp;ccb=1-7&amp;_nc_sid=09cbfe&amp;_nc_ohc=VEedENsrxO8AX9YNqAr&amp;_nc_ht=scontent.ftlv19-1.fna&amp;oh=00_AfDauvbFW2K_cEIbMGWkT8VALu-7ppP1Gq-hfvzdL31elg&amp;oe=63868B0B</ProfilePictureURL></SingleDummyUser>
		<SingleDummyUser><Name>Erez Cohen</Name><Hometown>Givatayim</Hometown><Education>Jaffa College</Education><ProfilePictureURL>https://scontent.ftlv19-1.fna.fbcdn.net/v/t39.30808-6/316040001_440216028312472_5391648209224016818_n.jpg?_nc_cat=104&amp;ccb=1-7&amp;_nc_sid=0debeb&amp;_nc_ohc=owh0IQLYHmcAX_ZDz4h&amp;_nc_ht=scontent.ftlv19-1.fna&amp;oh=00_AfCI1ehV9hWIXoR4ltrVPZx8xaTs2LhjMcE4sxQXaESfGA&amp;oe=6385BCDC</ProfilePictureURL></SingleDummyUser>
		<SingleDummyUser><Name>Chen Berger</Name><Hometown>Jaffa</Hometown><Education>Technion</Education><ProfilePictureURL>https://scontent.ftlv19-1.fna.fbcdn.net/v/t1.6435-9/188702416_10219651285140593_802735205831804679_n.jpg?_nc_cat=105&amp;ccb=1-7&amp;_nc_sid=09cbfe&amp;_nc_ohc=J7a_N_ZfkOQAX9nS8n2&amp;_nc_ht=scontent.ftlv19-1.fna&amp;oh=00_AfCj0-cyekLxAGcn7XFdILsMuhY5G_6M4VMCnkcVOvqG7g&amp;oe=63A927CB</ProfilePictureURL></SingleDummyUser>
		<SingleDummyUser><Name>Snir Sherf</Name><Hometown>Givatayim</Hometown><Education>Tel Aviv University</Education><ProfilePictureURL>https://scontent.ftlv19-1.fna.fbcdn.net/v/t1.6435-9/57155385_10218643605226975_6288622751808749568_n.jpg?_nc_cat=109&amp;ccb=1-7&amp;_nc_sid=09cbfe&amp;_nc_ohc=LXJKrC9MIHkAX8OsdwG&amp;tn=nxpwZqIw4rlQvPQw&amp;_nc_ht=scontent.ftlv19-1.fna&amp;oh=00_AfCaP_f8drB9KLQwP5Kj1mmXg1MPwIZcp_S808Wj-3RjNg&amp;oe=63A94371</ProfilePictureURL></SingleDummyUser>
		<SingleDummyUser><Name>Amir Kirshenzwig</Name><Hometown>Holon</Hometown><Education>HIT</Education><ProfilePictureURL>https://scontent.ftlv19-1.fna.fbcdn.net/v/t1.6435-9/111713405_10218036624093631_252183103263708259_n.jpg?_nc_cat=105&amp;ccb=1-7&amp;_nc_sid=09cbfe&amp;_nc_ohc=y0p7hYFWIekAX-pQ373&amp;_nc_ht=scontent.ftlv19-1.fna&amp;oh=00_AfAMqJEAVJj0oXi7PzPKuiA6cEwhmJn23OR4VAwt84rATQ&amp;oe=63A943B8</ProfilePictureURL></SingleDummyUser>
		<SingleDummyUser><Name>Desig Patter</Name><Hometown>Givatayim</Hometown><Education>Jaffa College</Education><ProfilePictureURL>https://scontent.ftlv19-1.fna.fbcdn.net/v/t1.6435-9/117803866_3020504371412230_6906581810340608107_n.jpg?_nc_cat=102&amp;ccb=1-7&amp;_nc_sid=09cbfe&amp;_nc_ohc=lQHiYQ-N1k4AX_liUdO&amp;_nc_ht=scontent.ftlv19-1.fna&amp;oh=00_AfBEQObHheRwlTmK-6_s2-Iffal6If0lHOzU7x7BmVqQbg&amp;oe=63A92801</ProfilePictureURL></SingleDummyUser>
  </FBUsers>
</DummyUsers>