<?xml version="1.0"?>
<DummyUsers xmlns:xsi="http://www.w3.org/2001/XMLSchema-instance" xmlns:xsd="http://www.w3.org/2001/XMLSchema">
  <FBUsers>
    <SingleDummyUser>
      <Name>Desig Patter</Name>
      <Hometown>Givatayim</Hometown>
      <Education>Jaffa College</Education>
      <ProfilePictureURL>https://scontent.ftlv19-1.fna.fbcdn.net/v/t1.6435-9/117803866_3020504371412230_6906581810340608107_n.jpg?_nc_cat=102&amp;amp;ccb=1-7&amp;amp;_nc_sid=09cbfe&amp;amp;_nc_ohc=lQHiYQ-N1k4AX_liUdO&amp;amp;_nc_ht=scontent.ftlv19-1.fna&amp;amp;oh=00_AfBEQObHheRwlTmK-6_s2-Iffal6If0lHOzU7x7BmVqQbg&amp;amp;oe=63A92801</ProfilePictureURL>
    </SingleDummyUser>
    <SingleDummyUser>
      <Name>Desig Patter</Name>
      <Hometown>Givatayim</Hometown>
      <Education>Jaffa College</Education>
      <ProfilePictureURL>https://scontent.ftlv19-1.fna.fbcdn.net/v/t1.6435-9/117803866_3020504371412230_6906581810340608107_n.jpg?_nc_cat=102&amp;amp;ccb=1-7&amp;amp;_nc_sid=09cbfe&amp;amp;_nc_ohc=lQHiYQ-N1k4AX_liUdO&amp;amp;_nc_ht=scontent.ftlv19-1.fna&amp;amp;oh=00_AfBEQObHheRwlTmK-6_s2-Iffal6If0lHOzU7x7BmVqQbg&amp;amp;oe=63A92801</ProfilePictureURL>
    </SingleDummyUser>
    <SingleDummyUser>
      <Name>Desig Patter</Name>
      <Hometown>Givatayim</Hometown>
      <Education>Jaffa College</Education>
      <ProfilePictureURL>https://scontent.ftlv19-1.fna.fbcdn.net/v/t1.6435-9/117803866_3020504371412230_6906581810340608107_n.jpg?_nc_cat=102&amp;amp;ccb=1-7&amp;amp;_nc_sid=09cbfe&amp;amp;_nc_ohc=lQHiYQ-N1k4AX_liUdO&amp;amp;_nc_ht=scontent.ftlv19-1.fna&amp;amp;oh=00_AfBEQObHheRwlTmK-6_s2-Iffal6If0lHOzU7x7BmVqQbg&amp;amp;oe=63A92801</ProfilePictureURL>
    </SingleDummyUser>
    <SingleDummyUser>
      <Name>Desig Patter</Name>
      <Hometown>Givatayim</Hometown>
      <Education>Jaffa College</Education>
      <ProfilePictureURL>https://scontent.ftlv19-1.fna.fbcdn.net/v/t1.6435-9/117803866_3020504371412230_6906581810340608107_n.jpg?_nc_cat=102&amp;amp;ccb=1-7&amp;amp;_nc_sid=09cbfe&amp;amp;_nc_ohc=lQHiYQ-N1k4AX_liUdO&amp;amp;_nc_ht=scontent.ftlv19-1.fna&amp;amp;oh=00_AfBEQObHheRwlTmK-6_s2-Iffal6If0lHOzU7x7BmVqQbg&amp;amp;oe=63A92801</ProfilePictureURL>
    </SingleDummyUser>
    <SingleDummyUser>
      <Name>Desig Patter</Name>
      <Hometown>Givatayim</Hometown>
      <Education>Jaffa College</Education>
      <ProfilePictureURL>https://scontent.ftlv19-1.fna.fbcdn.net/v/t1.6435-9/117803866_3020504371412230_6906581810340608107_n.jpg?_nc_cat=102&amp;amp;ccb=1-7&amp;amp;_nc_sid=09cbfe&amp;amp;_nc_ohc=lQHiYQ-N1k4AX_liUdO&amp;amp;_nc_ht=scontent.ftlv19-1.fna&amp;amp;oh=00_AfBEQObHheRwlTmK-6_s2-Iffal6If0lHOzU7x7BmVqQbg&amp;amp;oe=63A92801</ProfilePictureURL>
    </SingleDummyUser>
    <SingleDummyUser>
      <Name>Desig Patter</Name>
      <Hometown>Givatayim</Hometown>
      <Education>Jaffa College</Education>
      <ProfilePictureURL>https://scontent.ftlv19-1.fna.fbcdn.net/v/t1.6435-9/117803866_3020504371412230_6906581810340608107_n.jpg?_nc_cat=102&amp;amp;ccb=1-7&amp;amp;_nc_sid=09cbfe&amp;amp;_nc_ohc=lQHiYQ-N1k4AX_liUdO&amp;amp;_nc_ht=scontent.ftlv19-1.fna&amp;amp;oh=00_AfBEQObHheRwlTmK-6_s2-Iffal6If0lHOzU7x7BmVqQbg&amp;amp;oe=63A92801</ProfilePictureURL>
    </SingleDummyUser>
    <SingleDummyUser>
      <Name>Desig Patter</Name>
      <Hometown>Givatayim</Hometown>
      <Education>Jaffa College</Education>
      <ProfilePictureURL>https://scontent.ftlv19-1.fna.fbcdn.net/v/t1.6435-9/117803866_3020504371412230_6906581810340608107_n.jpg?_nc_cat=102&amp;amp;ccb=1-7&amp;amp;_nc_sid=09cbfe&amp;amp;_nc_ohc=lQHiYQ-N1k4AX_liUdO&amp;amp;_nc_ht=scontent.ftlv19-1.fna&amp;amp;oh=00_AfBEQObHheRwlTmK-6_s2-Iffal6If0lHOzU7x7BmVqQbg&amp;amp;oe=63A92801</ProfilePictureURL>
    </SingleDummyUser>
  </FBUsers>
</DummyUsers>