﻿Name,Hometown,Education,ProfilePictureURL
Amir Anckonina,Givatayim,Jaffa College,https://scontent.ftlv19-1.fna.fbcdn.net/v/t39.30808-6/278259031_10217472948335929_6944866859029329988_n.jpg?_nc_cat=102&ccb=1-7&_nc_sid=09cbfe&_nc_ohc=ZAyYx_OTH_oAX9W-O7s&tn=nxpwZqIw4rlQvPQw&_nc_ht=scontent.ftlv19-1.fna&oh=00_AfCljiyUKYs49SoAAm-koF7V3lIREhPShV2Bx1y5yaBVhw&oe=63873135
Idan Zimilis,Jaffa,Jaffa College,https://scontent.ftlv19-1.fna.fbcdn.net/v/t39.30808-6/245628574_6703347393016523_4021478128689167373_n.jpg?_nc_cat=109&ccb=1-7&_nc_sid=09cbfe&_nc_ohc=VEedENsrxO8AX9YNqAr&_nc_ht=scontent.ftlv19-1.fna&oh=00_AfDauvbFW2K_cEIbMGWkT8VALu-7ppP1Gq-hfvzdL31elg&oe=63868B0B
Erez Cohen,Givatayim,Jaffa College,https://scontent.ftlv19-1.fna.fbcdn.net/v/t39.30808-6/316040001_440216028312472_5391648209224016818_n.jpg?_nc_cat=104&ccb=1-7&_nc_sid=0debeb&_nc_ohc=owh0IQLYHmcAX_ZDz4h&_nc_ht=scontent.ftlv19-1.fna&oh=00_AfCI1ehV9hWIXoR4ltrVPZx8xaTs2LhjMcE4sxQXaESfGA&oe=6385BCDC
Chen Berger,Jaffa,Technion,https://scontent.ftlv19-1.fna.fbcdn.net/v/t1.6435-9/188702416_10219651285140593_802735205831804679_n.jpg?_nc_cat=105&ccb=1-7&_nc_sid=09cbfe&_nc_ohc=J7a_N_ZfkOQAX9nS8n2&_nc_ht=scontent.ftlv19-1.fna&oh=00_AfCj0-cyekLxAGcn7XFdILsMuhY5G_6M4VMCnkcVOvqG7g&oe=63A927CB
Snir Sherf,Givatayim,Tel Aviv University,https://scontent.ftlv19-1.fna.fbcdn.net/v/t1.6435-9/57155385_10218643605226975_6288622751808749568_n.jpg?_nc_cat=109&ccb=1-7&_nc_sid=09cbfe&_nc_ohc=LXJKrC9MIHkAX8OsdwG&tn=nxpwZqIw4rlQvPQw&_nc_ht=scontent.ftlv19-1.fna&oh=00_AfCaP_f8drB9KLQwP5Kj1mmXg1MPwIZcp_S808Wj-3RjNg&oe=63A94371
Amir Kirshenzwig,Holon,HIT,https://scontent.ftlv19-1.fna.fbcdn.net/v/t1.6435-9/111713405_10218036624093631_252183103263708259_n.jpg?_nc_cat=105&ccb=1-7&_nc_sid=09cbfe&_nc_ohc=y0p7hYFWIekAX-pQ373&_nc_ht=scontent.ftlv19-1.fna&oh=00_AfAMqJEAVJj0oXi7PzPKuiA6cEwhmJn23OR4VAwt84rATQ&oe=63A943B8
Desig Patter,Givatayim,Jaffa College,https://scontent.ftlv19-1.fna.fbcdn.net/v/t1.6435-9/117803866_3020504371412230_6906581810340608107_n.jpg?_nc_cat=102&ccb=1-7&_nc_sid=09cbfe&_nc_ohc=lQHiYQ-N1k4AX_liUdO&_nc_ht=scontent.ftlv19-1.fna&oh=00_AfBEQObHheRwlTmK-6_s2-Iffal6If0lHOzU7x7BmVqQbg&oe=63A92801
,,,
